{"c":731.94,"d":8.17,"dp":1.1288,"h":732.56,"l":727.2149999999999,"o":727.2149999999999,"pc":723.77,"t":1778084292}