{"c":723.96,"d":5.95,"dp":0.8287,"h":724.0107,"l":720.8299999999999,"o":720.8299999999999,"pc":718.01,"t":1778003345}