{"c":656.13,"d":7.56,"dp":1.1656,"h":662.615,"l":650.2850000000001,"o":650.2850000000001,"pc":648.57,"t":1774285852}