{"c":659.12,"d":10.55,"dp":1.6267,"h":660.11,"l":650.2850000000001,"o":650.2850000000001,"pc":648.57,"t":1774274338}