{"c":656.91,"d":8.34,"dp":1.2859,"h":662.615,"l":650.2850000000001,"o":650.2850000000001,"pc":648.57,"t":1774282278}