{"c":662.33,"d":13.76,"dp":2.1216,"h":662.615,"l":650.2850000000001,"o":650.2850000000001,"pc":648.57,"t":1774278597}