{"c":658.16,"d":9.59,"dp":1.4786,"h":662.615,"l":650.2850000000001,"o":650.2850000000001,"pc":648.57,"t":1774289114}