{"c":731.99,"d":8.22,"dp":1.1357,"h":732.56,"l":727.2149999999999,"o":727.2149999999999,"pc":723.77,"t":1778090170}