{"c":734.55,"d":10.78,"dp":1.4894,"h":734.59,"l":727.2149999999999,"o":727.2149999999999,"pc":723.77,"t":1778097388}