{"c":724.42,"d":6.41,"dp":0.8927,"h":724.7,"l":720.8299999999999,"o":720.8299999999999,"pc":718.01,"t":1778007838}