{"c":656.76,"d":8.19,"dp":1.2628,"h":662.615,"l":650.2850000000001,"o":650.2850000000001,"pc":648.57,"t":1774295842}