{"c":722.17,"d":4.16,"dp":0.5794,"h":723.39,"l":720.8299999999999,"o":720.8299999999999,"pc":718.01,"t":1777990914}