{"c":658.45,"d":9.88,"dp":1.5234,"h":662.615,"l":650.2850000000001,"o":650.2850000000001,"pc":648.57,"t":1774293114}