{"c":731.27,"d":7.5,"dp":1.0362,"h":731.32,"l":727.2149999999999,"o":727.2149999999999,"pc":723.77,"t":1778078401}